{"cameraMode":{"drawMode":0,"name":"Shaded","section":"Shading Mode"},"sceneLighting":true,"audioPlay":false,"sceneViewState":{"showFog":true,"showMaterialUpdate":false,"showSkybox":true,"showFlares":true,"showImageEffects":true,"showParticleSystems":true},"in2DMode":false,"pivot":{"x":0.13884982466697694,"y":-0.2663400173187256,"z":-0.16358324885368348},"rotation":{"x":0.5461999177932739,"y":0.0022390224039554598,"z":-0.0014955538790673018,"w":0.8376928567886353},"size":2.3599910736083986,"orthographic":false}